<?xml version="1.0" encoding="UTF-8"?>
<project-private xmlns="http://www.netbeans.org/ns/project-private/1">
    <editor-bookmarks xmlns="http://www.netbeans.org/ns/editor-bookmarks/2" lastBookmarkId="0"/>
    <open-files xmlns="http://www.netbeans.org/ns/projectui-open-files/2">
        <group>
            <file>file:/C:/Users/JSU/Desktop/CS425PR1-master/CS425PR1-master/PRG1/src/java/edu/jsu/mcis/cs425/project1/Database.java</file>
            <file>file:/C:/Users/JSU/Desktop/CS425PR1-master/CS425PR1-master/PRG1/src/java/edu/jsu/mcis/cs425/project1/registration.java</file>
            <file>file:/C:/Users/JSU/Desktop/CS425PR1-master/CS425PR1-master/PRG1/web/index.html</file>
        </group>
    </open-files>
</project-private>
